Occupational_Category,Number_of_Full_Time_Year_Round_Workers_Total_Estimate,Number_of_Full_Time_Year_Round_Workers_Total_MOE,Number_of_Full_Time_Year_Round_Workers_Men_Estimate,Number_of_Full_Time_Year_Round_Workers_Men_MOE,Number_of_Full_Time_Year_Round_Workers_Women_Estimate,Number_of_Full_Time_Year_Round_Workers_Women_MOE,Percentage_of_Women_in_Occupational_Category_Estimate,Percentage_of_Women_in_Occupational_Category_MOE,Median_Earnings_In_Dollars_Total_Estimate,Median_Earnings_In_Dollars_Total_MOE,Median_Earnings_In_Dollars_Men_Estimate,Median_Earnings_In_Dollars_Men_MOE,Median_Earnings_In_Dollars_Women_Estimate,Median_Earnings_In_Dollars_Women_MOE,Womens_Earnings_As_A_Percentage_of_Mens_Earnings_Estimate,Womens_Earnings_As_A_Percentage_of_Mens_Earnings_MOE
Total,106609098,133999,60708461,96733,45900637,88317,43.05508429,0.1,45860,66,50741,54,40675,54,80.2,0.1
"Management, Business, Science, and Arts Occupations",44274859,130437,22578160,79447,21696699,82092,49.00455809,0.1,65004,161,76692,155,55474,144,72.3,0.3
"Management, Business, and Financial Occupations",19812917,75230,11195064,55370,8617853,46676,43.49613437,0.2,70602,135,80473,201,60751,124,75.5,0.2
Management Occupations,13689475,62435,8380083,44079,5309392,40577,38.78448224,0.2,73688,473,81829,235,62254,175,76.1,0.3
Chief executives,1068258,17593,813898,14815,254360,7288,23.81072737,0.6,130266,1910,141108,1375,103564,4259,73.39342915,3.1
General and operations managers,834005,12760,588111,9849,245894,8348,29.48351629,0.9,70686,627,76246,776,56906,1111,74.63473494,1.6
Legislators,13966,1709,7431,1235,6535,1456,46.79220965,8.7,65592,5454,67233,12792,63788,10085,94.87602814,23.5
Advertising and promotions managers,42996,3032,17752,1984,25244,2262,58.71243837,3.2,67082,3498,79594,6833,61173,3088,76.8562957,7.7
Marketing and sales managers,843840,15667,464995,10519,378845,10042,44.89535931,0.8,82357,1263,100137,1477,69079,2413,68.98449125,2.6
Public relations and fundraising managers,51121,3755,16705,1963,34416,3046,67.32262671,3.3,77835,4128,84016,7323,75260,3792,89.57817559,9
Administrative services managers,136431,5932,82550,4394,53881,4158,39.49322368,2.5,64208,1927,69788,3102,60177,1731,86.2282914,4.6
Computer and information systems managers,564747,10510,413250,9263,151497,5243,26.82564051,0.8,103513,1960,107411,1908,95603,2703,89.00671253,3
Financial managers,1067163,18404,506068,10743,561095,14469,52.57819096,1,76178,753,100505,689,62089,579,61.77702602,0.7
Compensation and benefits managers,17074,2352,4254,1016,12820,1928,75.08492445,4.5,71605,4679,93895,15621,70251,5258,(X),(X)
Human resources managers,369518,9073,143842,5734,225676,7354,61.07307357,1.3,72008,801,77463,4593,70342,1351,90.80722409,5.7
Training and development managers,49960,3854,23959,2914,26001,3042,52.04363491,4.6,72153,4805,82392,7206,64686,5535,78.51004952,9.6
Industrial production managers,220263,7532,176191,6559,44072,3231,20.00880765,1.3,76077,1099,77262,1807,70073,4005,90.69529652,5.6
Purchasing managers,181255,6560,94445,5029,86810,4236,47.8938512,1.6,76501,1625,82307,2505,70023,2812,85.07538848,4.3
"Transportation, storage, and distribution managers",222794,7309,182671,7383,40123,3402,18.00901281,1.4,52485,1573,52318,1091,54796,3599,104.7364196,7.2
"Farmers, ranchers, and other agricultural managers",451680,9794,400989,9109,50691,3094,11.22276833,0.6,41404,525,42190,737,30405,1257,72.06684048,3.2
Construction managers,573250,12237,528329,11869,44921,3637,7.836197122,0.6,71331,693,71907,803,62218,3121,86.52565119,4.4
Education administrators,747962,12539,282062,8717,465900,8797,62.28926068,0.5,70748,476,80380,827,64509,1589,80.25503857,2.1
Architectural and engineering managers,144812,5961,131956,5939,12856,1857,8.877717316,1.2,130293,2326,130300,2512,130255,6336,99.96546431,5.2
Food service managers,792807,16772,436773,11837,356034,11181,44.90802932,1,38380,1296,42601,1510,31861,485,74.78932419,2.9
Funeral service managers,5733,1040,4173,921,1560,516,27.21088435,7.5,60848,6112,60487,8583,61597,10890,(X),(X)
Gaming managers,15477,1758,10129,1417,5348,1170,34.55450023,6.5,55674,5819,56664,8926,52872,6227,93.30792037,18.4
Lodging managers,107568,5734,50893,3792,56675,4558,52.68760226,3.2,45875,1807,51697,1832,41285,1145,79.85956632,3.6
Medical and health services managers,606615,11531,176012,6730,430603,9999,70.98456187,0.9,71739,750,87311,3047,66855,876,76.57110788,2.9
Natural sciences managers,17916,1981,8464,1527,9452,1392,52.7573119,5.1,92161,11812,111817,10376,76768,9964,68.65503457,11
Postmasters and mail superintendents,20947,2406,11398,1820,9549,1304,45.58648016,3.4,71429,948,72401,3138,67745,4019,93.5691496,6.9
"Property, real estate, and community association managers",459115,10712,233710,7103,225405,7807,49.09554251,1.3,51957,590,61797,1225,46405,788,75.09264204,2
Social and community service managers,296269,8924,91027,4183,205242,7693,69.27555701,1.5,56610,773,68388,3529,52444,1006,76.6859683,4.2
Emergency management directors,7304,1388,5663,1319,1641,599,22.46714129,7,68834,6104,68407,7074,70337,23709,(X),(X)
"Managers, all other",3758629,31438,2472383,25093,1286246,18609,34.22114819,0.4,78843,1058,84600,1380,67769,1311,80.10520095,2
Business and Financial Operations Occupations,6123442,37510,2814981,29961,3308461,25111,54.02943312,0.3,63511,458,74011,863,56897,298,76.9,1
"Agents and business managers of artists, performers, and athletes",33337,3818,17328,2356,16009,2227,48.02171761,3.8,51728,2495,55328,7454,50761,3937,91.74558994,14.3
"Buyers and purchasing agents, farm products",7795,1301,5584,1047,2211,750,28.36433611,8.4,66349,4797,69214,7849,57352,12767,(X),(X)
"Wholesale and retail buyers, except farm products",139871,6122,71088,4447,68783,4294,49.17602648,2.2,41625,876,41612,1574,41637,1247,100.0600788,4.8
"Purchasing agents, except wholesale, retail, and farm products",253717,7897,122410,5830,131307,5213,51.75333147,1.3,54740,1558,60366,989,51121,620,84.68508763,1.7
"Claims adjusters, appraisers, examiners, and investigators",271129,9435,105531,5150,165598,7308,61.07719941,1.7,52582,1135,60840,870,50024,966,82.22222222,2
Compliance officers,226344,7585,107204,5395,119140,5702,52.63669459,1.8,69262,2222,73211,3041,64588,2074,88.22171532,4.6
Cost estimators,122804,5612,105522,5415,17282,1900,14.0728315,1.4,63106,1804,65805,1115,49752,3618,75.60519717,5.6
Human resources workers,678049,13678,188438,7495,489611,11789,72.20879317,0.9,57369,884,66412,1923,54975,1061,82.77871469,2.9
"Compensation, benefits, and job analysis specialists",47978,3563,10731,1783,37247,3095,77.63349869,2.9,54108,3093,62886,6056,51522,1426,81.92920523,8.2
Training and development specialists,111303,5046,50284,3499,61019,3700,54.82242168,2.2,58739,3093,65332,3572,52456,2925,80.29143452,6.3
Logisticians,117328,4387,77464,3784,39864,3154,33.97654439,2.4,52260,1148,55233,1921,50220,1476,90.92390419,4.1
Management analysts,630863,11588,369877,8099,260986,8942,41.36967931,1.2,83080,1848,91169,977,76338,975,83.73240904,1.4
"Meeting, convention, and event planners",96349,5575,24116,2970,72233,4805,74.97016056,2.5,46598,1026,42729,4863,47221,1374,110.5127665,13
Fundraisers,68581,3864,20709,2101,47872,3118,69.80358992,2.3,66048,1339,77186,9364,64272,2599,83.2689866,10.6
Market research analysts and marketing specialists,237008,8119,103644,5151,133364,5503,56.26983055,1.3,70985,993,82565,4481,64398,2652,77.99672985,5.3
"Business operations specialists, all other",236553,8302,110674,5355,125879,6288,53.21386751,1.9,61811,1228,73014,3286,52499,2293,71.90264881,4.5
Accountants and auditors,1628824,22541,656553,14897,972271,16071,59.69159344,0.5,63740,912,76129,621,57370,659,75.35893024,1.1
Appraisers and assessors of real estate,73690,4418,50409,3624,23281,2152,31.59316054,2.2,60533,1628,62298,4197,50291,3046,80.72650807,7.3
Budget analysts,42410,3427,16123,1854,26287,2747,61.98302287,4.1,71237,1973,75399,3473,68955,3569,91.45346755,6.3
Credit analysts,26382,3164,12589,1965,13793,2163,52.28185884,5.3,53909,3990,58520,6984,51419,3667,87.86568694,12.2
Financial analysts,194932,7214,117808,6083,77124,4304,39.56456611,1.7,82415,1852,93203,3858,73427,3190,78.78179887,4.7
Personal financial advisors,327459,9846,231444,8128,96015,5586,29.321228,1.5,91150,1655,101634,671,69479,3771,68.36196548,3.7
Insurance underwriters,98194,5002,36949,3007,61245,3940,62.37142799,2.5,61197,1135,73389,7779,56465,2151,76.93932333,8.7
Financial examiners,14812,1953,7827,1286,6985,1320,47.15770996,6.4,79594,5959,85285,7644,70328,13446,82.46233218,17.4
Credit counselors and loan officers,292543,8986,132203,5552,160340,7578,54.80903662,2,59219,2493,76686,1909,50325,967,65.6247555,2.1
"Tax examiners and collectors, and revenue agents",42395,3249,15901,2073,26494,2571,62.49321854,3.7,51797,1530,61586,8308,50296,2578,81.66791154,11.8
Tax preparers,55325,4097,23690,2521,31635,3014,57.18029824,3.4,55336,5668,70019,7630,48033,5006,68.59995144,10.3
"Financial specialists, all other",47467,3908,22881,2944,24586,2961,51.79598458,4.6,61271,3251,85274,14545,50828,1410,59.60550695,10.3
"Computer, Engineering, and Science Occupations",7336002,43466,5591448,36470,1744554,19131,23.78071871,0.2,80279,200,82347,225,70044,522,85.1,0.7
Computer and Mathematical Occupations,3884352,31439,2925768,25626,958584,14793,24.67809303,0.3,81760,262,85427,389,72472,668,84.8,0.8
Computer and information research scientists,16406,1786,13203,1643,3203,804,19.52334512,4.4,101205,6239,102464,7968,90480,32730,(X),(X)
Computer systems analysts,448325,10327,267043,7574,181282,6780,40.43539843,1.2,80219,746,85192,1333,72409,1206,84.99506996,1.9
Information security analysts,74659,4899,60291,4531,14368,1866,19.24483317,2.2,91119,1551,93450,4083,85895,3003,91.91546281,5.1
Computer programmers,370512,8545,293334,7989,77178,4584,20.83009457,1.1,85795,984,87064,1230,80528,1894,92.4928788,2.5
"Software developers, applications and systems software",1124661,17640,918865,15065,205796,6981,18.29849172,0.6,100760,271,101969,303,88759,2138,87.04508233,2.1
Web developers,138048,6567,92611,5629,45437,3506,32.913914,2,63173,2765,67356,2918,56860,3695,84.41712691,6.6
Computer support specialists,553718,12831,418848,11133,134870,5399,24.35716375,0.8,58027,1361,60363,519,52699,1615,87.30348061,2.8
Database administrators,99602,4790,62319,3801,37283,2982,37.43197928,2.4,81082,1480,90749,1601,60838,3557,67.03985719,4.1
Network and computer systems administrators,192293,8319,157000,6976,35293,3051,18.35376223,1.4,73483,1528,74896,1317,69127,3204,92.29731895,4.6
Computer network architects,92872,5520,86504,5092,6368,1191,6.856749074,1.2,98374,3658,98123,3786,100471,7586,102.392915,8.7
"Computer occupations, all other",569272,12347,445016,10826,124256,5734,21.82717576,0.9,70492,568,71112,579,66521,1650,93.54398695,2.4
Actuaries,25197,2362,17769,2222,7428,1184,29.47969996,3.8,108576,14551,125465,16694,92500,20780,73.72574025,19.2
Mathematicians,1288,385,1035,352,253,183,19.64285714,12.9,121912,20322,130431,19809,81991,51971,(X),(X)
Operations research analysts,126989,6477,63903,4533,63086,4077,49.67831859,2,81092,1232,85955,3173,76005,2335,88.42417544,4.2
Statisticians,47469,3479,26411,2658,21058,1875,44.36158335,2.2,81345,1780,82414,5556,80027,4783,97.10364744,8.7
Miscellaneous mathematical science occupations,3041,852,1616,649,1425,573,46.85958566,13.5,66960,22875,85022,25058,46676,19406,(X),(X)
Architecture and Engineering Occupations,2437331,27689,2095090,25128,342241,8204,14.04162996,0.3,81125,294,82192,323,71072,864,86.5,1.1
"Architects, except naval",157568,6129,119954,5111,37614,3103,23.87159829,1.7,76154,1239,81075,1188,61765,2415,76.18254702,3.2
"Surveyors, cartographers, and photogrammetrists",27429,2860,22619,2453,4810,1108,17.53618433,3.6,61119,3486,62390,3839,55812,2372,(X),(X)
Aerospace engineers,114956,5336,102611,4675,12345,1796,10.7388914,1.5,102350,1710,104133,3268,91982,7191,88.33126867,7.4
Agricultural engineers,1976,623,1811,544,165,196,8.350202429,9.6,82707,8980,83329,10436,-,**,(X),(X)
Biomedical engineers,12988,1889,10977,1692,2011,798,15.48352325,5.7,82150,7015,82307,8529,80583,13719,(X),(X)
Chemical engineers,57812,4519,46688,3930,11124,1608,19.24167993,2.3,100425,2172,101626,1712,84137,4255,82.79082125,4.4
Civil engineers,311007,9892,271698,8963,39309,2913,12.63926535,0.8,86606,1312,89218,2506,75052,2312,84.12203815,3.5
Computer hardware engineers,48767,4061,42855,4048,5912,1165,12.122952,2.2,93870,5990,95911,7400,90712,10851,(X),(X)
Electrical and electronics engineers,186214,7532,171539,7365,14675,2080,7.880717884,1.1,96538,2002,98702,2527,81370,3031,82.44007214,3.7
Environmental engineers,27552,3135,19945,2517,7607,1459,27.60961092,4.3,80421,2937,81736,5839,75468,7563,92.33140844,11.4
"Industrial engineers, including health and safety",183615,7332,145311,6717,38304,2861,20.86104076,1.3,79761,1588,80491,900,75753,3357,94.11362761,4.3
Marine engineers and naval architects,10619,1662,9501,1534,1118,591,10.52829833,5.3,90840,3596,91898,5522,80611,19408,(X),(X)
Materials engineers,34668,2535,31741,2329,2927,867,8.442944502,2.4,81420,1695,81479,1880,80865,5938,(X),(X)
Mechanical engineers,245579,8235,228477,8105,17102,1789,6.963950501,0.7,84486,2045,84537,2133,84034,4115,99.40499426,5.5
"Mining and geological engineers, including mining safety engineers",8540,1911,7389,1668,1151,684,13.47775176,7.4,93125,10228,95068,12131,92216,39118,(X),(X)
Nuclear engineers,6902,1315,5756,1171,1146,456,16.60388293,5.8,95190,9137,96151,9566,74659,46086,(X),(X)
Petroleum engineers,22671,2811,19383,2687,3288,1077,14.5031097,4.4,141359,14058,150247,15949,112500,35658,(X),(X)
"Engineers, all other",471817,11936,411849,11066,59968,3846,12.71001257,0.7,93058,1491,95214,1426,85464,2782,89.75990926,3.2
Drafters,132332,6076,110629,4998,21703,2259,16.40041713,1.5,52899,1627,54290,1837,50363,2315,92.76662369,5.3
"Engineering technicians, except drafters",319240,9931,262975,8372,56265,4238,17.62467109,1.2,55953,941,58274,2387,48448,2980,83.13827779,6.1
Surveying and mapping technicians,55079,4487,51382,4511,3697,1147,6.712177055,2,50071,1698,50231,1443,46731,3091,(X),(X)
"Life, Physical, and Social Science Occupations",1014319,14887,570590,12095,443729,10670,43.74649395,0.8,65257,664,70191,1097,60646,505,86.4,1.5
Agricultural and food scientists,21091,2172,13559,1624,7532,1378,35.71191503,5.4,70220,6919,71570,5303,64842,8448,90.59941316,13.6
Biological scientists,65111,3923,35893,2892,29218,2288,44.87413801,2.2,61171,2112,65122,4152,56853,3383,87.30229416,7.6
Conservation scientists and foresters,18235,1973,14086,1857,4149,900,22.75294763,4.3,60447,3350,60340,4455,60827,6740,(X),(X)
Medical scientists,116550,5853,54653,3917,61897,3557,53.10767911,1.5,74534,3407,80827,4765,71175,1397,88.05844582,5.5
"Life scientists, all other",4116,809,2467,628,1649,631,40.06316812,13.2,65765,23729,81388,34529,54712,11467,(X),(X)
Astronomers and physicists,9881,1655,7669,1453,2212,558,22.38639814,4.2,93935,10649,101448,5956,68105,14947,(X),(X)
Atmospheric and space scientists,10037,1472,8609,1351,1428,531,14.22735877,4.9,90434,7658,91465,8278,84167,24363,(X),(X)
Chemists and materials scientists,77023,3754,49013,3267,28010,2854,36.36576088,3.3,70594,1955,75433,5342,63426,3315,84.08256333,7.4
Environmental scientists and geoscientists,63449,3530,42834,2849,20615,2462,32.49066179,3.4,72831,3408,79279,3639,60315,3285,76.07941573,5.4
"Physical scientists, all other",192236,6269,115118,5130,77118,4163,40.11631536,1.7,77439,2638,87134,4267,65913,2051,75.64555742,4.4
Economists,21747,2373,15164,1895,6583,1155,30.27084196,4.2,109562,8262,111514,9490,103723,9634,93.01343329,11.7
Survey researchers,1453,548,423,276,1030,494,70.88781831,21,64230,17845,23794,60511,64931,23280,(X),(X)
Psychologists,121887,4749,37701,2647,84186,4290,69.06889168,2.3,72789,2655,90586,3924,69134,2387,76.31863643,4.2
Urban and regional planners,21747,1979,12910,1733,8837,1262,40.63548995,4.5,70647,4263,74634,4955,65309,3397,87.50569446,7.4
"Miscellaneous social scientists and related workers, including sociologists",24486,2821,12996,1819,11490,1643,46.92477334,4,61924,4687,67455,8319,57068,7438,84.60158624,15.2
Agricultural and food science technicians,27668,2549,16564,2074,11104,1523,40.13300564,4.1,45039,3152,48340,2312,40927,2362,84.66487381,6.3
Biological technicians,16216,2009,8401,1437,7815,1652,48.19314258,8.3,49041,4092,50495,3626,44796,9207,88.71373403,19.3
Chemical technicians,56741,3837,40491,3477,16250,1818,28.63890309,2.6,52188,2226,54898,3467,48580,2509,88.49138402,7.2
Geological and petroleum technicians,12268,1884,9465,1760,2803,861,22.84805999,6.1,71250,10528,71414,10777,70152,21476,(X),(X)
Nuclear technicians,3432,836,3144,837,288,200,8.391608392,5.5,84688,8513,87628,10324,78893,18344,(X),(X)
Social science research assistants,1723,706,219,197,1504,635,87.28961114,8.9,41644,3815,50617,29822,41419,3203,(X),(X)
"Miscellaneous life, physical, and social science technicians",127222,6153,69211,4392,58011,3912,45.59824559,2.1,42673,1664,45323,2140,41614,974,91.816517,4.8
"Education, Legal, Community Service, Arts, and Media Occupations",10566994,56398,3984993,29074,6582001,45549,62.28830072,0.2,50890,94,59998,551,47103,161,78.5,0.8
Community and Social Service Occupations,1965931,21495,706430,12658,1259501,17781,64.0663889,0.5,44265,463,45984,436,42947,581,93.4,1.6
Counselors,536072,11247,148955,5823,387117,9582,72.21362056,0.9,45356,422,46279,878,45007,815,97.25145314,2.6
Social workers,704192,14698,133995,5945,570197,12503,80.97180882,0.5,44669,761,44973,1601,44603,846,99.17728415,4
Probation officers and correctional treatment specialists,81680,4787,37849,3379,43831,3151,53.66185113,2.2,48545,1943,48620,2398,48480,2568,99.71205265,7.2
Social and human service assistants,146414,6565,32813,3199,113601,5281,77.58889177,1,37732,1286,39459,3550,37450,1151,94.90863935,9
"Miscellaneous community and social service specialists, including health educators and community health workers",63963,4318,21744,3082,42219,3598,66.00534684,3.4,45512,1827,49319,2459,42490,2292,86.15340944,6.3
Clergy,347581,9767,291732,8519,55849,4373,16.06790935,1.2,45502,681,46282,654,41571,748,89.82109675,2.1
"Directors, religious activities and education",45090,3307,20243,1984,24847,2690,55.10534487,4.4,44160,2970,51925,3345,40845,1337,78.66153105,5.7
"Religious workers, all other",40939,3364,19099,2123,21840,2701,53.3476636,4.9,35551,1240,37461,4825,32408,2616,86.51130509,13.2
Legal Occupations,1405105,17478,682419,13447,722686,15437,51.43288224,0.8,86747,847,121654,840,65014,1253,53.4,1.1
Lawyers,891088,13157,568630,11142,322458,9124,36.18699837,0.9,122073,869,136043,2903,102484,2963,75.33206413,2.7
Judicial law clerks,10323,1517,3490,904,6833,1233,66.19199845,6.9,55882,6377,56766,12297,52494,9429,(X),(X)
"Judges, magistrates, and other judicial workers",58544,3864,32986,2867,25558,2481,43.65605357,3.1,102861,5666,125071,6191,80807,7503,64.60890214,6.8
Paralegals and legal assistants,318793,9423,43287,3441,275506,9355,86.42159646,1.4,47223,603,49198,3005,47073,670,95.68071873,6
Miscellaneous legal support workers,126357,6194,34026,3078,92331,4843,73.07153541,1.4,50997,1016,66459,4315,46470,1808,69.92280955,5.3
"Education, Training, and Library Occupations",5348821,41230,1547041,18120,3801780,33187,71.07697192,0.3,49619,286,56876,366,46403,196,81.6,0.6
Postsecondary teachers,881345,15178,470888,9151,410457,9369,46.57166036,0.7,67145,577,74485,1504,61169,655,82.12257502,1.9
Preschool and kindergarten teachers,339677,10660,6755,1387,332922,10471,98.01134607,0.2,25124,474,29102,3628,25021,539,85.9769088,10.9
Elementary and middle school teachers,2398445,25488,530970,10614,1867475,21527,77.86190636,0.3,50659,151,53096,752,50021,270,94.20860328,1.4
Secondary school teachers,536264,12956,231158,7732,305106,9835,56.89473841,1.2,52671,630,55800,648,51608,379,92.4874552,1.3
Special education teachers,178054,7300,25632,2951,152422,6361,85.60436721,0.7,48840,1134,49953,2461,48703,1224,97.49764779,5.4
Other teachers and instructors,356475,10531,167249,6329,189226,8077,53.08254436,1.6,45426,1042,51439,719,40544,715,78.8195727,1.8
"Archivists, curators, and museum technicians",36260,3070,13889,1789,22371,2201,61.69608384,3.1,48374,2750,52835,3566,45296,2206,85.73104949,7.1
Librarians,115076,5467,23238,2424,91838,4700,79.80638882,1.5,51429,598,57961,2491,50671,669,87.42257725,3.9
Library technicians,11386,1478,2235,659,9151,1393,80.3706306,6.4,31228,2518,45951,9880,28397,3498,(X),(X)
Teacher assistants,421376,11269,53389,3811,367987,10518,87.32984318,0.9,22682,463,31063,1022,22095,231,71.12963976,2.5
"Other education, training, and library workers",74463,4723,21638,2410,52825,3740,70.94127285,2.2,52790,2250,59582,4496,51638,1087,86.66711423,6.8
"Arts, Design, Entertainment, Sports, and Media Occupations",1847137,21849,1049103,17240,798034,12878,43.20383382,0.6,51760,270,55625,706,48440,1001,87.1,2
Artists and related workers,121771,5718,76519,4653,45252,3047,37.16155735,1.8,45124,2768,51669,2174,36922,1763,71.45870832,4.5
Designers,628865,12822,328481,9434,300384,8369,47.76605472,0.9,51768,407,60035,1835,46516,588,77.48146914,2.6
Actors,14423,2237,8254,1727,6169,1482,42.77196145,7.8,41201,6220,43425,9530,36214,6846,(X),(X)
Producers and directors,121999,5168,77794,4115,44205,3366,36.23390356,2.3,68571,4096,71577,3046,62435,6490,87.22774075,9.8
"Athletes, coaches, umpires, and related workers",123505,7020,91380,5969,32125,3058,26.01109267,2,46393,1347,49152,2727,41270,1316,83.96402995,5.4
Dancers and choreographers,6556,1425,1468,573,5088,1255,77.60829774,9,31342,9010,51586,3159,24844,7293,(X),(X)
"Musicians, singers, and related workers",66779,5541,51875,4947,14904,2241,22.31839351,2.8,41300,1360,41521,1539,40399,4438,97.29775294,11.3
"Entertainers and performers, sports and related workers, all other",18325,2235,11738,2011,6587,1398,35.94542974,6.2,39303,5233,41549,6799,31670,6980,(X),(X)
Announcers,26152,2986,19879,2566,6273,1534,23.98669318,5.2,45767,5197,45883,5833,45062,10199,(X),(X)
"News analysts, reporters and correspondents",57202,3970,31972,3195,25230,2528,44.10684941,3.2,55372,3184,58457,4486,50435,5336,86.27709256,11.3
Public relations specialists,103540,5342,35880,2962,67660,4203,65.3467259,2.3,65386,2406,77116,6587,61547,1344,79.81093418,7
Editors,125387,4876,64120,3826,61267,3063,48.86232225,1.5,55140,1805,57665,3423,52078,1289,90.31128067,5.8
Technical writers,47360,3278,19792,1886,27568,2611,58.20945946,3.8,71388,1468,73800,3520,70139,4532,95.03929539,7.6
Writers and authors,132235,5470,57364,3562,74871,4399,56.6196544,2.4,55464,2369,58065,5113,52347,2432,90.1524154,9
Miscellaneous media and communication workers,54009,4337,20909,2402,33100,3388,61.28608195,3.9,42255,2371,47608,5993,41197,1272,86.53377584,11.2
"Miscellaneous media and communications equipment workers, including broadcast and sound engineering technicians and radio operators",70806,4292,66356,4174,4450,1179,6.284778126,1.6,52335,4123,54586,5200,46794,3791,(X),(X)
Photographers,90481,4517,54402,4040,36079,2845,39.87466982,2.4,36504,1504,41275,1639,31254,912,75.72138098,3.7
"Television, video, and motion picture camera operators and editors",37742,3040,30920,2843,6822,1335,18.07535372,3.2,51138,1530,51388,2361,50355,7341,(X),(X)
Healthcare Practitioners and Technical Occupations,6558946,38818,1806655,20927,4752291,32719,72.45510178,0.3,61813,160,81023,519,58404,666,72.1,1
Chiropractors,40960,3491,31857,2840,9103,1621,22.22412109,3.5,80466,8118,86586,9958,57522,9060,66.4333726,13
Dentists,93294,4897,65998,3793,27296,2830,29.25804446,2.6,150132,6339,158810,10183,115473,9992,72.71141616,7.8
Dietitians and nutritionists,70729,4506,8095,1433,62634,4401,88.55490676,2.6,49841,2244,47439,7262,49886,2025,105.1582032,16.7
Optometrists,27134,2279,18087,1631,9047,1665,33.34193263,5.5,117397,9354,125489,7937,101000,2746,80.48514212,5.5
Pharmacists,214665,7539,97539,4720,117126,5390,54.56222486,1.6,120878,299,122351,872,118461,2237,96.82062263,2
Physicians and surgeons,743383,14306,489748,10607,253635,8016,34.11902075,0.9,201542,404,231420,9801,166388,7188,71.8987123,4.3
Physician assistants,76018,3988,27869,2620,48149,3278,63.33894604,2.7,101940,750,111673,4307,100434,1017,89.93579469,3.6
Podiatrists,6093,1121,5140,1078,953,357,15.64089939,5.1,126617,28201,140350,34217,101644,18880,(X),(X)
Audiologists,11195,1770,2186,794,9009,1522,80.47342564,4.8,72760,3327,74127,8255,72123,4077,(X),(X)
Occupational therapists,72099,4625,9813,1783,62286,4327,86.38954771,2.3,70679,783,80834,4944,70044,1846,86.65165648,5.8
Physical therapists,162536,6232,60163,3575,102373,5293,62.98481567,2.2,77605,1619,85149,1757,74555,1735,87.55828019,2.7
Radiation therapists,10165,1454,3289,968,6876,1150,67.64387605,5.9,88073,8569,95008,6376,79488,8997,(X),(X)
Recreational therapists,10160,1790,3072,882,7088,1422,69.76377953,6.7,40040,4310,41037,9923,38967,4620,(X),(X)
Respiratory therapists,92125,5057,37338,3501,54787,3730,59.47028494,2.4,56532,767,61280,994,52583,2206,85.80776762,3.9
Speech-language pathologists,87443,5195,4661,1443,82782,4991,94.66967053,1,63532,1901,75360,6395,62734,1681,(X),(X)
"Miscellaneous therapists, including exercise physiologists",107797,5846,25250,2427,82547,5184,76.57634257,2.4,50208,936,52202,3702,48955,1957,93.7799318,7.6
Veterinarians,65797,4075,26912,2345,38885,2885,59.09843914,2.4,90063,4412,103622,10242,82228,2875,79.35380518,8.3
Registered nurses,2317493,25722,281048,9314,2036445,24103,87.87275733,0.4,65331,313,70952,649,64413,688,90.78391025,1.3
Nurse anesthetists,26253,2920,10941,1634,15312,2394,58.32476288,6.4,160522,3215,176957,7954,151667,3345,85.70839243,4.3
Nurse midwives,4001,897,0,193,4001,897,100,3.8,101552,7702,-,**,101552,7702,(X),(X)
Nurse practitioners,116166,4929,14128,1745,102038,4583,87.83809376,1.3,100639,628,111130,1922,100030,1696,90.01169801,2.2
"Health diagnosing and treating practitioners, all other",13264,1796,5463,1428,7801,1361,58.81332931,6.5,55718,11087,65898,26368,51087,5546,(X),(X)
Clinical laboratory technologists and technicians,245278,7624,68887,3771,176391,7526,71.91472533,2.1,48170,1677,51112,972,46984,1158,91.92361872,2.9
Dental hygienists,71498,3935,4845,999,66653,3833,93.22358667,1.6,56632,1844,70807,9982,55946,1701,(X),(X)
Diagnostic related technologists and technicians,263276,8107,88369,4467,174907,6965,66.43484404,1.7,58828,1751,64560,2424,55958,979,86.67596035,3.6
Emergency medical technicians and paramedics,167315,6255,114281,5372,53034,4102,31.69709829,2.1,42373,1171,46301,1288,39941,2283,86.2637956,5.5
Health practitioner support technologists and technicians,440607,12597,98824,5330,341783,10950,77.57094191,1.1,32466,404,36093,651,32093,256,88.91751863,1.8
Licensed practical and licensed vocational nurses,602316,14447,77484,5313,524832,13462,87.13565637,0.8,38946,668,40939,798,38523,660,94.09853685,2.4
Medical records and health information technicians,148302,6150,14938,2142,133364,5623,89.92731049,0.7,38273,1160,37208,2480,38404,1178,103.2143625,7.6
"Opticians, dispensing",48366,4275,14044,2004,34322,3356,70.96307323,3,37389,1928,50622,2755,35058,2533,69.25447434,6.3
Miscellaneous health technologists and technicians,97277,3972,36999,2908,60278,3575,61.96531554,2.7,41207,923,51118,1226,36438,1376,71.28213154,3.2
Other healthcare practitioners and technical occupations,105941,5752,59387,4599,46554,3366,43.94332695,2.1,57179,3508,61968,2311,52594,3149,84.87283759,6
Service Occupations,14746379,72472,7397390,48352,7348989,58676,49.83588853,0.3,27376,71,31738,86,24575,132,77.4,0.4
Healthcare Support Occupations,2205309,26876,320622,11300,1884687,25489,85.46135712,0.5,28085,279,31269,432,27470,186,87.9,1.3
"Nursing, psychiatric, and home health aides",1256050,23554,174528,8216,1081522,21136,86.10501174,0.5,26056,167,29503,1129,25706,191,87.13012236,3.4
Occupational therapy assistants and aides,13820,1515,2179,902,11641,1435,84.23299566,4.7,51182,1977,60709,4728,49665,2620,(X),(X)
Physical therapist assistants and aides,59281,3736,19380,2038,39901,3132,67.30824379,3.1,45826,1517,48915,1688,42677,3153,87.24726566,7.1
Massage therapists,67798,4691,16699,2412,51099,4157,75.36947993,3.2,30766,916,30833,2179,30739,1023,99.69513184,7.8
Dental assistants,167955,7292,13096,2441,154859,6490,92.20267334,5.6,31226,374,32231,3812,31161,380,96.6802147,11.5
Medical assistants,382920,10398,35341,3671,347579,10675,90.77065706,1.3,30549,193,32083,953,30418,218,94.81033569,2.9
Medical transcriptionists,20559,2086,1615,589,18944,2057,92.14455956,3.6,33597,2227,40995,11542,33161,2046,(X),(X)
Pharmacy aides,21617,2680,5064,1182,16553,2445,76.57399269,6.1,30505,1494,36481,9877,29651,2681,(X),(X)
Veterinary assistants and laboratory animal caretakers,28193,2599,6400,1210,21793,2268,77.29932962,3.7,26441,841,35501,2821,25095,1259,70.68814963,6.6
Phlebotomists,82446,4653,12560,1873,69886,4063,84.76578609,1.2,31121,420,30925,992,31160,470,100.759903,3.6
"Healthcare support workers, all other, including medical equipment preparers",104670,4642,33760,3070,70910,3885,67.74625012,2.2,30124,1161,31812,1453,28592,2014,89.87803345,7.5
Protective Service Occupations,2516945,25595,2036431,20289,480514,13380,19.09116012,0.4,50773,260,52217,293,41504,405,79.5,0.9
First-line supervisors of correctional officers,55565,3378,39893,2771,15672,1986,28.20480518,3.1,51570,1242,53611,4873,48621,4657,90.69220869,12
First-line supervisors of police and detectives,100335,5257,84933,4440,15402,1920,15.35057557,1.7,79259,3395,81092,2170,70191,4314,86.55724362,5.8
First-line supervisors of fire fighting and prevention workers,44941,2936,43233,2754,1708,653,3.800538484,1.4,90571,2617,90912,2119,85270,7368,(X),(X)
"First-line supervisors of protective service workers, all other",66575,3855,49742,3464,16833,1739,25.28426587,2.2,49305,3598,46609,1794,54717,4911,117.3957819,11.5
Firefighters,265198,8647,253361,8116,11837,1803,4.463457492,0.7,67598,1728,68680,2055,51926,9319,75.60570763,13.8
Fire inspectors,19259,2335,17157,2312,2102,780,10.91437769,3.8,60006,7185,60447,5238,51104,4890,(X),(X)
"Bailiffs, correctional officers, and jailers",375720,10079,277833,8643,97887,5747,26.0531779,1.4,44807,1150,47005,820,39834,1260,84.74417615,3.1
Detectives and criminal investigators,112869,5698,85853,4735,27016,3015,23.93571308,2.4,76604,3235,81253,1510,61821,3486,76.08457534,4.5
Fish and game wardens,4716,1158,3820,1061,896,457,18.99915182,8.5,52265,8446,55234,10322,47351,18787,(X),(X)
Parking enforcement workers,4730,1138,2329,925,2401,865,50.76109937,13.6,39298,5428,41625,17923,38221,8231,(X),(X)
Police and sheriff patrol officers,669550,14213,582716,13245,86834,4819,12.96900904,0.7,62852,1528,64792,1672,57402,3208,88.5942709,5.5
Transit and railroad police,747,440,747,440,0,193,0,18.62528105,75603,9405,75603,9405,-,**,(X),(X)
Animal control workers,9987,1810,5824,1447,4163,1146,41.68418945,8.6,33303,4488,34833,6498,32219,4475,(X),(X)
Private detectives and investigators,70181,3790,38879,2727,31302,2925,44.60181531,3.4,56272,1630,61192,1870,49673,3614,81.17564388,6.4
Security guards and gaming surveillance officers,647922,14229,505565,12126,142357,6945,21.97131754,1,30422,322,30724,345,28889,955,94.02747038,3.3
Crossing guards,10864,2099,6311,1556,4553,1249,41.90905744,8.2,32538,4450,31130,3977,36219,2774,(X),(X)
Transportation security screeners,33438,3514,22782,3248,10656,1726,31.86793469,3.9,41793,803,43027,2317,40534,1061,94.2059637,5.6
"Lifeguards and other recreational, and all other protective service workers",24348,3144,15453,2270,8895,1623,36.53277477,4.7,30979,1574,36282,1747,21087,2132,58.11972879,6.5
Food Preparation and Serving Related Occupations,3769365,39518,2027036,29430,1742329,25935,46.22340898,0.5,22544,154,24935,255,21224,109,85.1,1
Chefs and head cooks,346683,11133,276631,10276,70052,5274,20.20635566,1.4,31461,457,32240,698,27651,1450,85.76612903,4.9
First-line supervisors of food preparation and serving workers,409285,11225,190025,7218,219260,8876,53.5714722,1.6,25713,395,29657,1166,22979,686,77.48255049,3.8
Cooks,1201892,20974,775087,17718,426805,12056,35.51109417,0.8,21756,135,22575,343,20320,243,90.0110742,1.7
Food preparation workers,347692,10501,155856,7565,191836,8094,55.17411962,1.6,20506,258,21359,465,19894,379,93.14106466,2.7
Bartenders,226847,9821,115120,6907,111727,5706,49.25213911,1.3,29375,1227,31277,519,26017,855,83.18253029,3.1
"Combined food preparation and serving workers, including fast food",141425,6873,52096,3818,89329,5386,63.16351423,2.3,20518,412,20728,568,20369,551,98.26804323,3.8
"Counter attendants, cafeteria, food concession, and coffee shop",32438,3087,12016,2033,20422,2340,62.95702571,4,19179,1781,21885,2914,17398,1270,79.49737263,12.1
Waiters and waitresses,734635,17538,263439,11928,471196,13175,64.14015123,0.9,22252,183,25855,574,21182,225,81.92612647,2
"Food servers, nonrestaurant",76030,4676,28696,2941,47334,3594,62.25700381,2.8,24489,927,27481,2074,23021,1230,83.77060515,7.7
Dining room and cafeteria attendants and bartender helpers,91150,5894,56105,4747,35045,3360,38.44761382,2.7,21276,707,22449,1087,18832,1334,83.88792374,7.2
Dishwashers,110513,6642,91810,6196,18703,2257,16.92380082,1.8,19808,569,19848,577,19550,1524,98.49858928,8.2
"Hosts and hostesses, restaurant, lounge, and coffee shop",46117,4719,7311,1657,38806,4093,84.1468439,2.2,19751,1130,22335,5059,19022,1296,(X),(X)
"Food preparation and serving related workers, all other",4658,1079,2844,974,1814,538,38.94375268,7.2,20199,2822,20559,4565,19202,3339,(X),(X)
Building and Grounds Cleaning and Maintenance Occupations,3516387,30637,2331552,24031,1184835,19849,33.69467013,0.4,26420,132,30043,169,21933,137,73,0.6
First-line supervisors of housekeeping and janitorial workers,173482,8328,117566,6265,55916,4124,32.23158599,1.8,36399,640,41024,938,28875,1843,70.38562793,4.8
"First-line supervisors of landscaping, lawn service, and groundskeeping workers",128673,6240,121311,6046,7362,1462,5.721480031,1.1,40635,776,40774,816,36184,6310,88.74282631,15.6
Janitors and building cleaners,1553626,20355,1136790,15492,416836,11207,26.82988055,0.6,27742,379,30654,173,22962,403,74.90702682,1.4
Maids and housekeeping cleaners,790133,16216,128212,6019,661921,14563,83.77336474,0.7,21476,162,25788,600,21000,173,81.43322476,2
Pest control workers,68409,4123,65344,4056,3065,1022,4.480404625,1.5,37802,2247,37805,2205,37420,20799,(X),(X)
Grounds maintenance workers,802064,19589,762329,19247,39735,4338,4.954093439,0.5,25708,332,25838,341,22944,1156,88.79944268,4.6
Personal Care and Service Occupations,2738373,33069,681749,14773,2056624,27864,75.10386642,0.5,25119,169,30831,286,23318,267,75.6,1.2
First-line supervisors of gaming workers,18772,2856,11389,2086,7383,1488,39.32985297,5.2,45671,4932,50429,3675,41069,1363,81.43925122,6.5
First-line supervisors of personal service workers,74093,5250,25605,2922,48488,4452,65.44207955,3.8,32240,1318,41425,1895,30569,1243,73.7936029,4.5
Animal trainers,29055,2884,14018,1780,15037,2040,51.75357081,4.8,29978,3177,34134,6851,26578,2723,77.8637136,17.5
Nonfarm animal caretakers,120981,6381,34640,3041,86341,5323,71.3674048,2.3,25210,736,30133,2218,23724,867,78.73095941,6.5
Gaming services workers,61881,4127,34548,2893,27333,2792,44.17026228,3.4,39726,2059,41137,886,36013,2259,87.54406009,5.8
Motion picture projectionists,1303,520,1065,468,238,175,18.26554106,11.3,48374,14945,49900,14182,21932,13454,(X),(X)
"Ushers, lobby attendants, and ticket takers",6511,1224,3855,1019,2656,858,40.79250499,10.7,28929,4335,30020,5765,27430,11623,(X),(X)
Miscellaneous entertainment attendants and related workers,57391,4380,31464,3073,25927,3224,45.1760729,4.4,25263,1598,27418,3694,21946,1303,80.04230797,11.8
Embalmers and funeral attendants,6580,1426,5293,1283,1287,519,19.55927052,6.7,29048,3648,28629,4483,29681,7103,(X),(X)
"Morticians, undertakers, and funeral directors",30549,3160,22471,2678,8078,1421,26.44276408,3.8,51310,1350,52119,1819,42161,6748,80.89372398,13.3
Barbers,68864,4320,56579,4177,12285,1505,17.83950976,1.9,25416,1624,26320,1303,21195,1092,80.5281155,5.8
"Hairdressers, hairstylists, and cosmetologists",447533,13351,52211,4610,395322,11817,88.33359775,0.2,26146,461,31601,1367,25636,483,81.12401506,3.8
Miscellaneous personal appearance workers,206248,10351,34993,3665,171255,8320,83.03353245,5.8,23474,762,26356,1554,22777,717,86.4205494,5.8
"Baggage porters, bellhops, and concierges",60412,5290,47690,4124,12722,2352,21.05873005,3.4,31604,1456,33549,2905,27122,2445,80.84294614,10.1
Tour and travel guides,18870,2408,11893,1834,6977,1327,36.97403286,5.2,30693,2274,31305,3197,29836,4998,(X),(X)
Childcare workers,551286,11477,34354,3637,516932,10752,93.76838882,2.8,21395,227,25324,1339,21212,238,83.76243879,4.5
Personal care aides,692735,15178,132541,6146,560194,13917,80.8669982,0.9,22578,326,25856,612,22159,212,85.70157797,2.2
Recreation and fitness workers,184743,7036,79514,4567,105229,5054,56.9596683,1.7,31582,460,35050,2288,30284,843,86.40228245,6.1
Residential advisors,26803,2444,10295,1537,16508,2055,61.59012051,5.2,28627,2160,30144,2793,27901,2225,92.55904989,11.3
"Personal care and service workers, all other",73763,5116,37331,3949,36432,3095,49.39061589,2.4,26185,907,27148,2198,24883,1467,91.65684397,9.2
Sales and Office Occupations,23561354,87560,9860678,49209,13700676,62158,58.14893321,0.1,38602,167,46408,218,35368,77,76.2,0.4
Sales and Related Occupations,10085935,54062,5907517,35992,4178418,34189,41.42816705,0.2,43647,616,51791,163,34226,557,66.1,1.1
First-line supervisors of retail sales workers,2677578,30232,1537529,20716,1140049,18113,42.57762052,0.5,40573,185,46343,345,33778,691,72.88695164,1.6
First-line supervisors of non-retail sales workers,1074798,17110,748785,13701,326013,9407,30.33249038,0.7,65016,1410,67434,1668,58166,2567,86.25619124,4.4
Cashiers,1019364,18045,293166,11222,726198,15660,71.24030278,0.9,21000,167,22413,377,20482,186,91.38446437,1.7
Counter and rental clerks,52412,4216,30604,3322,21808,2336,41.60879188,2.9,31285,1773,35907,1718,25780,2272,71.79658562,7.2
Parts salespersons,92199,5408,83465,5127,8734,1411,9.472987776,1.4,35832,866,36526,870,30509,1722,83.52680283,5.1
Retail salespersons,1716984,26055,1047929,18141,669055,16002,38.96687447,0.7,32480,663,40116,555,26781,295,66.75889919,1.2
Advertising sales agents,148263,6800,72790,4645,75473,4635,50.90481105,2.1,61018,1116,66149,2118,56104,1525,84.81458525,3.6
Insurance sales agents,442385,10867,232516,8108,209869,7045,47.44035173,1.1,51364,521,62412,3261,42316,784,67.8010639,3.8
"Securities, commodities, and financial services sales agents",199539,7721,142840,6625,56699,3980,28.41499657,1.7,91885,4856,115432,8793,58726,4604,50.87497401,5.6
Travel agents,49901,3444,11210,1874,38691,3025,77.53552033,2.8,41744,1246,46173,2930,40707,1516,88.16191281,6.5
"Sales representatives, services, all other",534512,12492,368392,10463,166120,7260,31.07881582,1.1,66475,1150,71706,843,56236,2052,78.42579422,3
"Sales representatives, wholesale and manufacturing",1182664,16912,878257,14619,304407,8620,25.73909411,0.6,65716,626,70464,671,54077,1791,76.74415304,2.6
"Models, demonstrators, and product promoters",12940,1865,4816,1203,8124,1565,62.7820711,8,31463,1795,42193,9599,28908,4795,(X),(X)
Real estate brokers and sales agents,576380,14584,278623,10346,297757,9798,51.65984247,1.1,57486,3909,69512,4775,50662,714,72.88238002,5.1
Sales engineers,35706,2795,33085,2679,2621,802,7.340502997,2.2,111522,5355,113110,8281,80101,14311,(X),(X)
Telemarketers,41866,4170,16569,2382,25297,3090,60.42373286,4.3,25732,1830,27152,4227,25125,4009,92.53461992,20.6
"Door-to-door sales workers, news and street vendors, and related workers",49513,4452,25691,2913,23822,2990,48.11261689,4.2,30475,1720,35417,2893,25753,1840,72.71366858,7.9
"Sales and related workers, all other",178931,6042,101250,4822,77681,4457,43.41394169,2,54472,2672,61262,1484,48884,2965,79.79497894,5.2
Office and Administrative Support Occupations,13475419,68708,3953161,33885,9522258,56316,70.66391034,0.2,36290,66,40053,193,35548,75,88.8,0.5
First-line supervisors of office and administrative support workers,1187429,17191,479925,12025,707504,13039,59.58284664,0.7,50070,469,56346,741,45996,490,81.63134916,1.4
"Switchboard operators, including answering service",17734,2236,3612,1155,14122,2066,79.63234465,5.9,30456,1338,32279,6681,29428,2734,(X),(X)
Telephone operators,24570,2734,7004,1649,17566,2317,71.49369149,5.1,31443,1683,36713,5173,30077,1887,(X),(X)
"Communications equipment operators, all other",6802,1269,2751,684,4051,1185,59.55601294,13.4,43269,6764,57401,14660,36789,9573,(X),(X)
Bill and account collectors,123438,5954,35970,3260,87468,4800,70.85986487,1.9,35448,599,38514,2268,34145,1298,88.65607312,6.2
Billing and posting clerks,396298,11248,45845,3648,350453,10798,88.43168525,1.1,35026,487,39843,2979,34424,664,86.39911653,6.7
"Bookkeeping, accounting, and auditing clerks",829531,14643,105920,5119,723611,13456,87.23133915,0.5,39329,477,42013,599,38665,524,92.03103801,1.8
Gaming cage workers,7661,1491,2566,838,5095,1351,66.50567811,12,29747,3508,30445,5822,29454,4260,(X),(X)
Payroll and timekeeping clerks,131052,5589,16608,2741,114444,5423,87.32716784,1.8,41313,502,49112,3957,40922,495,83.32383124,6.8
Procurement clerks,29591,2566,13472,1654,16119,1818,54.47264371,3.9,56309,2196,60750,3222,51406,2259,84.61893004,5.8
Tellers,211343,9318,28579,3363,182764,7984,86.47743242,5.4,26405,220,26674,690,26361,233,98.82657269,2.7
"Financial clerks, all other",102650,5839,47844,3638,54806,3822,53.39113492,2.2,55627,3536,80037,6646,45021,4207,56.25023427,7
Brokerage clerks,5600,1166,1925,701,3675,852,65.625,6.7,47489,5228,55744,10237,46240,2555,(X),(X)
Correspondence clerks,3925,960,1603,634,2322,824,59.15923567,15.2,48989,4371,45353,10996,50434,12800,(X),(X)
"Court, municipal, and license clerks",62021,3789,12876,1674,49145,3260,79.23928992,2,38317,1168,45566,4639,37355,1007,81.97998508,8.6
"Credit authorizers, checkers, and clerks",30897,2938,8454,1146,22443,2602,72.63812021,4.8,41698,1081,51812,8278,40120,2433,77.43379912,13.2
Customer service representatives,1782634,26063,624476,13526,1158158,21204,64.96891678,0.7,33442,455,36744,478,32095,158,87.34759417,1.2
"Eligibility interviewers, government programs",73673,4519,14480,1935,59193,4160,80.34558115,2.8,41945,939,49343,3207,41024,925,83.14046572,5.7
File clerks,137412,6476,30743,2726,106669,6009,77.62713591,2.4,34159,1406,36584,1778,33224,1372,90.81565712,5.8
"Hotel, motel, and resort desk clerks",85672,5117,28143,2729,57529,4478,67.15029415,3.4,22230,496,24328,2050,21575,623,88.68382111,7.9
"Interviewers, except eligibility and loan",85914,5143,14408,2030,71506,4712,83.22974137,2.3,31905,375,40750,1648,31371,404,76.98404908,3.3
"Library assistants, clerical",32411,3073,5476,1341,26935,2503,83.10450156,11,30777,833,30821,2019,30768,950,(X),(X)
Loan interviewers and clerks,111389,5630,21075,1945,90314,4746,81.07981937,1.2,41419,502,45018,5889,41065,584,91.21906793,12
New accounts clerks,11515,1556,3187,919,8328,1447,72.32305688,7.9,35639,3410,41611,12543,32278,3301,(X),(X)
Order clerks,97111,5797,46722,3965,50389,3686,51.88804564,2.2,32234,796,35154,2423,31110,966,88.49633043,6.7
"Human resources assistants, except payroll and timekeeping",41036,3304,6446,1195,34590,3071,84.29184131,3.2,39336,1509,42269,8673,38544,1470,91.18739502,19
Receptionists and information clerks,654662,14500,62554,4864,592108,13053,90.44484024,2.8,28555,321,29582,1308,28444,335,96.15306605,4.4
Reservation and transportation ticket agents and travel clerks,95666,5081,40719,3831,54947,3553,57.43628875,2.1,38473,3241,41701,2803,36670,1094,87.93554111,6.5
"Information and record clerks, all other",78023,4859,18649,2081,59374,4152,76.09807364,2.4,37235,1153,41564,1695,36385,1001,87.53969782,4.3
Cargo and freight agents,18080,2346,12010,2090,6070,1364,33.57300885,6.2,39230,3701,40883,2826,34028,5238,(X),(X)
Couriers and messengers,141348,6760,118900,6054,22448,2515,15.8813708,1.6,37585,1528,39751,1960,31910,2956,80.27471007,8.4
Dispatchers,246262,7983,114123,5360,132139,5654,53.65789281,1.5,38780,964,41998,578,35987,595,85.68741369,1.8
"Meter readers, utilities",22784,2467,20083,2268,2701,846,11.85481039,3.5,40726,1755,41069,1539,36016,7164,(X),(X)
Postal service clerks,97883,4702,48811,3640,49072,3531,50.13332244,2.7,55378,488,56060,775,53272,3469,95.02675705,6.3
Postal service mail carriers,281178,8397,179493,7706,101685,4738,36.16392463,1.3,56755,599,58358,709,53337,1337,91.3962096,2.5
"Postal service mail sorters, processors, and processing machine operators",50704,3210,25280,2485,25424,2590,50.14200063,4,54397,1856,56107,1005,51252,1247,91.34689076,2.8
"Production, planning, and expediting clerks",283387,7643,121074,5618,162313,6561,57.27609241,1.7,48582,1812,61813,1069,40678,600,65.80816333,1.5
"Shipping, receiving, and traffic clerks",475270,9610,338248,8405,137022,5401,28.83034906,1,31175,206,31887,276,28869,708,90.53532788,2.4
Stock clerks and order fillers,905020,18517,602176,17103,302844,9454,33.46268591,0.8,27212,202,27445,371,26749,342,97.46401895,1.8
"Weighers, measurers, checkers, and samplers, recordkeeping",58258,4399,30597,3071,27661,3189,47.4801744,4.1,35545,1165,37906,2393,31956,1065,84.30327653,6
Secretaries and administrative assistants,2226591,23122,118739,5800,2107852,22900,94.66722896,0.3,37122,157,42411,1218,36929,161,87.07410813,2.5
Computer operators,75141,4306,41335,3655,33806,3016,44.99008531,3.1,42199,1001,51176,1874,38041,1841,74.33367203,4.5
Data entry keyers,218791,7635,51255,4033,167536,6764,76.57353365,1.6,32441,591,35201,1612,32168,353,91.38376751,4.3
Word processors and typists,198318,6956,31601,2639,166717,6647,84.06549078,1.6,34645,864,38353,2459,33909,964,88.41290121,6.2
Desktop publishers,1413,425,878,364,535,260,37.86270347,14.5,38949,10246,43391,17150,32024,8420,(X),(X)
Insurance claims and policy processing clerks,325075,8850,63360,4538,261715,8512,80.50911328,1.4,37301,368,40881,875,36812,346,90.04672097,2.1
"Mail clerks and mail machine operators, except postal service",53499,4148,27874,2800,25625,2900,47.89809155,3.9,29624,965,31777,784,26983,797,84.91361677,3.3
"Office clerks, general",841347,15284,145063,6314,696284,13669,82.75824363,0.6,34654,467,39885,1302,33492,536,83.97141783,3.1
"Office machine operators, except computer",26251,2550,9726,1367,16525,2133,62.94998286,5.4,30788,991,37057,3346,28449,2048,76.77092047,8.9
Proofreaders and copy markers,6113,1244,2139,542,3974,1024,65.00899722,10.3,40435,1899,38538,2712,41357,2621,(X),(X)
Statistical assistants,15243,1621,6858,1137,8385,1114,55.00885652,4.4,50405,3074,52172,4541,47920,4649,91.8500345,12
"Office and administrative support workers, all other",449803,11621,111506,5316,338297,9331,75.21003639,0.7,41080,320,46448,1057,40209,352,86.56777472,2.1
"Natural Resources, Construction, and Maintenance Occupations",10336235,49324,9943126,46691,393109,10215,3.803212679,0.1,41407,93,41612,93,31194,435,75,1
"Farming, Fishing, and Forestry Occupations",644116,14971,533883,13598,110233,6028,17.11384285,0.9,26661,274,28231,665,21214,346,75.1,2.1
"First-line supervisors of farming, fishing, and forestry workers",50964,3782,44390,3701,6574,1270,12.89930147,2.3,41273,1250,42138,2113,31416,4887,74.55503346,12.2
Agricultural inspectors,12725,1763,7187,1326,5538,1250,43.52062868,7.8,49889,5228,47000,4484,52455,10180,111.606383,24.1
Animal breeders,3290,1017,2273,832,1017,535,30.9118541,13.2,30110,5596,36109,9340,27743,6780,(X),(X)
"Graders and sorters, agricultural products",32820,3063,11478,1478,21342,2657,65.0274223,5.4,21235,519,22957,2573,20791,597,90.56496929,10.5
Miscellaneous agricultural workers,470635,12811,398935,11560,71700,4926,15.23473605,1,25442,306,26404,327,20399,504,77.25723375,2.1
Fishing and hunting workers,21825,2697,20865,2581,960,617,4.39862543,2.8,31986,795,32200,2301,25595,14238,(X),(X)
Forest and conservation workers,9824,1506,8377,1479,1447,525,14.72923453,4.8,36088,6958,37410,6696,29661,3054,(X),(X)
Logging workers,42033,3848,40378,3676,1655,714,3.937382533,1.7,32394,3797,33045,4202,21427,11292,(X),(X)
Construction and Extraction Occupations,5684325,43587,5535847,42889,148478,7256,2.612060359,0.1,40852,129,40926,130,35859,1080,87.6,2.6
First-line supervisors of construction trades and extraction workers,670638,13339,649980,12876,20658,2998,3.080350353,0.4,59536,1629,60145,638,45174,3456,75.10848782,5.8
Boilermakers,10997,1816,10890,1811,107,134,0.972992634,1.2,55239,8027,55370,8283,-,**,(X),(X)
"Brickmasons, blockmasons, and stonemasons",98752,7004,98324,7053,428,315,0.433408944,0.3,33569,3654,33437,3651,52637,34506,(X),(X)
Carpenters,863456,17830,846846,18001,16610,2335,1.9236649,0.3,36344,384,36414,395,31637,3293,86.88141923,9.1
"Carpet, floor, and tile installers and finishers",115722,7792,113490,7521,2232,782,1.928760305,0.7,34531,2372,34773,2217,30610,10969,(X),(X)
"Cement masons, concrete finishers, and terrazzo workers",37336,3244,37215,3208,121,187,0.324083994,0.5,37227,2180,37287,2233,-,**,(X),(X)
Construction laborers,1180144,17016,1150257,17167,29887,3441,2.532487561,0.3,32162,235,32214,234,30378,1649,94.30061464,5.2
"Paving, surfacing, and tamping equipment operators",11253,2028,10740,1987,513,417,4.558784324,3.6,41825,3737,42075,5154,40967,9279,(X),(X)
"Operating engineers and other construction equipment operators, including pile-driver operators",269313,9056,262747,9038,6566,1443,2.438055348,0.5,46503,706,46485,695,50129,14597,107.8390879,31.4
"Drywall installers, ceiling tile installers, and tapers",97916,7242,95903,7159,2013,682,2.055843784,0.7,31344,588,31450,593,21351,1204,(X),(X)
Electricians,647922,14171,635090,14081,12832,1904,1.980485305,0.3,51278,315,51289,305,50082,13038,97.64666888,25.4
Glaziers,37172,3566,37023,3560,149,145,0.400839341,0.4,40202,2258,40196,2264,41583,83412,(X),(X)
Insulation workers,39022,3649,37762,3471,1260,702,3.228947773,1.8,36329,2727,36411,2752,32216,13985,(X),(X)
"Painters, construction and maintenance",359202,11169,342580,10763,16622,2197,4.627479802,0.6,30778,285,30840,293,28608,3709,92.76264591,12.1
Paperhangers,2130,755,1494,598,636,469,29.85915493,19.3,39968,23417,51503,20042,30208,30762,(X),(X)
"Pipelayers, plumbers, pipefitters, and steamfitters",478329,12785,470850,12560,7479,1484,1.563568172,0.3,47032,776,47046,779,45525,9634,96.76699401,20.5
Plasterers and stucco masons,22350,3189,22059,3179,291,286,1.302013423,1.3,31073,1422,31084,1462,30701,31052,(X),(X)
Reinforcing iron and rebar workers,5730,1469,5730,1469,0,193,0,2.665596801,41008,12647,41008,12647,-,**,(X),(X)
Roofers,143180,8114,141632,8137,1548,782,1.081156586,0.5,30330,607,30268,656,50141,18540,(X),(X)
Sheet metal workers,97860,5366,93784,5280,4076,1234,4.165133865,1.2,41644,768,41844,855,31804,4590,(X),(X)
Structural iron and steel workers,45672,4154,44643,4084,1029,704,2.253021545,1.5,50902,1670,50571,2035,70904,14231,(X),(X)
"Helpers, construction trades",26342,3336,25104,3152,1238,748,4.69971908,2.8,26554,2248,26378,2484,31607,30376,(X),(X)
Construction and building inspectors,74917,4627,66256,4308,8661,1568,11.56079395,2,56109,2063,57669,2388,50025,8874,86.745045,15.8
Elevator installers and repairers,22574,2182,22119,2170,455,421,2.01559316,1.9,84181,8306,85281,8675,41783,43556,(X),(X)
Fence erectors,22014,3070,21176,2990,838,511,3.806668484,2.3,30844,1049,30985,1033,22235,16643,(X),(X)
Hazardous materials removal workers,23647,2489,19634,2290,4013,1185,16.97044022,4.7,36733,3792,40524,4954,22296,7645,(X),(X)
Highway maintenance workers,84345,4634,81531,4521,2814,888,3.33629735,1,39354,1583,39654,1504,31523,2587,(X),(X)
Rail-track laying and maintenance equipment operators,10530,2434,10221,2454,309,268,2.934472934,2.5,56883,11812,58917,12337,50596,30811,(X),(X)
Septic tank servicers and sewer pipe cleaners,9144,1626,8970,1609,174,228,1.902887139,2.5,41736,4518,41925,5182,16726,11044,(X),(X)
"Miscellaneous construction and related workers, including solar photovoltaic installers",44893,3565,42825,3438,2068,658,4.60650881,1.4,35661,2568,35573,2801,36556,8821,(X),(X)
"Derrick, rotary drill, and service unit operators, oil, gas, and mining",15635,2294,15545,2282,90,101,0.575631596,0.6,70098,11176,70027,11374,158929,152531,(X),(X)
"Earth drillers, except oil and gas",19354,2128,19188,2137,166,251,0.857703834,1.3,45658,6316,45957,6339,-,**,(X),(X)
"Explosives workers, ordnance handling experts, and blasters",9819,2022,8893,2035,926,518,9.43069559,4.9,54454,11839,51456,8964,66068,18305,(X),(X)
Mining machine operators,41476,3007,41142,3066,334,288,0.805284984,0.7,66863,3158,66715,2996,91628,4856,(X),(X)
"Roof bolters, mining",1602,549,1602,549,0,193,0,9.215415328,75466,13186,75466,13186,-,**,(X),(X)
"Roustabouts, oil and gas",4808,1048,4766,1036,42,70,0.873544093,1.4,43034,5522,43483,5267,-,**,(X),(X)
Helpers--extraction workers,1490,664,1490,664,0,193,0,9.871664312,55011,3749,55011,3749,-,**,(X),(X)
Other extraction workers,37639,3263,36346,3123,1293,615,3.435266612,1.6,54426,5523,55503,5087,26987,10280,(X),(X)
"Installation, Maintenance, and Repair Occupations",4007794,35086,3873396,34410,134398,6976,3.353415869,0.2,45939,224,46092,220,40827,759,88.6,1.7
"First-line supervisors of mechanics, installers, and repairers",245683,8120,228738,7747,16945,2220,6.897099107,0.9,60447,845,60653,831,52313,5003,86.24964965,8.3
"Computer, automated teller, and office machine repairers",145593,6004,129949,5539,15644,2095,10.74502208,1.4,43661,1915,43659,1928,43673,4495,100.0320667,11.2
Radio and telecommunications equipment installers and repairers,138322,6289,125899,5928,12423,2228,8.981217738,1.6,52338,1632,52854,2360,43442,10452,82.19245469,20.1
Avionics technicians,14223,1900,12971,1689,1252,612,8.802643605,4.1,53595,6262,55164,6633,41295,22946,(X),(X)
"Electric motor, power tool, and related repairers",19319,2756,18438,2592,881,605,4.560277447,3.1,45532,3192,46449,2798,21283,11869,(X),(X)
"Electrical and electronics installers and repairers, transportation equipment",1414,549,1360,541,54,91,3.818953324,6.3,50787,12791,51259,12434,-,**,(X),(X)
"Electrical and electronics repairers, industrial and utility",11642,2035,11189,2058,453,359,3.891084006,3,61825,6582,62348,8345,34616,34989,(X),(X)
"Electronic equipment installers and repairers, motor vehicles",6365,1070,6247,1074,118,116,1.853888452,1.8,33643,3014,33363,2961,43438,39641,(X),(X)
Electronic home entertainment equipment installers and repairers,30552,3222,29243,3077,1309,631,4.28449856,2,41409,1515,41809,2056,31886,7729,(X),(X)
Security and fire alarm systems installers,55556,4268,54344,4088,1212,732,2.181582547,1.3,42132,1494,42195,1770,32085,20574,(X),(X)
Aircraft mechanics and service technicians,135682,6292,129265,6151,6417,1466,4.729440899,1.1,61530,726,61757,763,52219,8695,(X),(X)
Automotive body and related repairers,119554,5977,117442,5785,2112,655,1.766565736,0.5,40841,808,40984,834,21989,14788,(X),(X)
Automotive glass installers and repairers,13994,2029,13660,2033,334,217,2.386737173,1.5,36565,3860,36680,3902,31938,41477,(X),(X)
Automotive service technicians and mechanics,726437,15434,717661,15506,8776,1806,1.208088244,0.2,36634,402,36695,391,28342,4672,77.23668075,12.8
Bus and truck mechanics and diesel engine specialists,274372,9534,271606,9666,2766,998,1.008120362,0.4,45320,597,45423,589,35206,9191,(X),(X)
Heavy vehicle and mobile equipment service technicians and mechanics,185817,6523,183026,6464,2791,917,1.502015424,0.5,51142,471,51192,466,36781,8427,(X),(X)
Small engine mechanics,33288,3196,32974,3202,314,216,0.943282865,0.6,32818,3339,32920,3353,30427,25640,(X),(X)
"Miscellaneous vehicle and mobile equipment mechanics, installers, and repairers",59830,4273,58748,4214,1082,660,1.808457296,1.1,30297,1158,30233,1336,31652,10777,(X),(X)
Control and valve installers and repairers,16320,2150,15687,2074,633,442,3.878676471,2.7,52039,3914,52281,4425,40096,22649,(X),(X)
"Heating, air conditioning, and refrigeration mechanics and installers",328423,10756,323520,10563,4903,1486,1.492891789,0.4,45440,668,45558,658,36241,7048,(X),(X)
Home appliance repairers,29270,2900,27938,2662,1332,702,4.55073454,2.4,38745,3295,39861,2934,21141,3382,(X),(X)
Industrial and refractory machinery mechanics,350416,10034,339183,10181,11233,1697,3.205618465,0.5,51050,405,51187,410,43169,3594,84.33586653,7.1
"Maintenance and repair workers, general",438171,11007,426084,10720,12087,1785,2.758512088,0.4,44573,1366,45007,1155,35977,5014,79.93645433,11.3
"Maintenance workers, machinery",26300,2865,24982,2786,1318,726,5.011406844,2.7,48447,2948,49195,2860,36327,2588,(X),(X)
Millwrights,37285,3208,36664,3180,621,427,1.665549148,1.1,61877,1483,62133,2077,47123,8838,(X),(X)
Electrical power-line installers and repairers,106191,5811,105150,5759,1041,530,0.980309066,0.5,70012,4839,70154,4100,41238,22854,(X),(X)
Telecommunications line installers and repairers,125604,5996,120639,5785,4965,1419,3.952899589,1.1,50164,1490,49989,1976,56978,6763,(X),(X)
Precision instrument and equipment repairers,47211,3719,42058,3770,5153,1416,10.91482917,2.9,51655,2050,53697,3802,38147,5955,(X),(X)
"Coin, vending, and amusement machine servicers and repairers",26515,2747,23061,2715,3454,941,13.02658872,3.3,36449,1647,37557,1958,28092,5156,(X),(X)
Commercial divers,4002,1987,3818,1995,184,285,4.597701149,6.7,37395,22805,40311,23112,-,**,(X),(X)
Locksmiths and safe repairers,20462,2737,19179,2578,1283,663,6.27015932,3.1,42329,4991,44176,5264,31038,12033,(X),(X)
Manufactured building and mobile home installers,2508,996,2508,996,0,193,0,5.989388823,41394,8918,41394,8918,-,**,(X),(X)
Riggers,10169,1840,10034,1820,135,125,1.327564166,1.2,49346,6564,50086,6138,31276,21693,(X),(X)
Signal and track switch repairers,4503,1059,4444,1056,59,76,1.310237619,1.7,75309,8720,75265,8761,-,**,(X),(X)
"Helpers--installation, maintenance, and repair workers",12046,1662,11641,1681,405,193,3.362111904,1.5,31302,3640,31076,4124,35351,6538,(X),(X)
"Other installation, maintenance, and repair workers, including wind turbine service technicians",204755,9231,194046,8806,10709,1723,5.23015311,0.8,40529,615,40789,642,34637,5963,84.91750227,14.7
"Production, Transportation, and Material Moving Occupations",13690271,64520,10929107,51849,2761164,28922,20.16880455,0.2,36713,94,40181,88,27925,289,69.5,0.7
Production Occupations,7084690,46436,5206127,40236,1878563,21033,26.51581085,0.3,36773,117,40898,105,28241,344,69.1,0.9
First-line supervisors of production and operating workers,836803,16539,677383,14719,159420,7524,19.05107893,0.8,52520,780,56343,537,41397,792,73.47319099,1.6
"Aircraft structure, surfaces, rigging, and systems assemblers",5359,1355,4399,1195,960,562,17.91378989,9.5,46687,6561,50047,6455,31082,17132,(X),(X)
"Electrical, electronics, and electromechanical assemblers",105464,5280,53762,4101,51702,3627,49.02336342,2.4,31438,385,34772,1871,29682,1341,85.36178534,6
Engine and other machine assemblers,11383,1696,9632,1582,1751,745,15.38258807,6.1,45794,5859,50418,3290,29740,4044,(X),(X)
Structural metal fabricators and fitters,23431,2424,22602,2333,829,525,3.538047885,2.2,43039,3968,42896,4021,45391,6607,(X),(X)
Miscellaneous assemblers and fabricators,811317,16764,511277,13343,300040,8916,36.98184557,0.8,31485,214,33412,1002,28313,834,84.73901592,3.6
Bakers,148282,6803,68168,4671,80114,5074,54.02813558,2.4,25848,390,26896,522,24665,1141,91.70508626,4.6
"Butchers and other meat, poultry, and fish processing workers",202694,8272,159194,6906,43500,3482,21.46092139,1.5,29474,860,30898,612,25313,795,81.9243964,3
"Food and tobacco roasting, baking, and drying machine operators and tenders",8787,1463,6425,1362,2362,762,26.8806191,7.4,29654,3935,31168,5602,26246,2529,(X),(X)
Food batchmakers,63244,4452,28012,2385,35232,3626,55.70805136,4.2,27101,760,31939,1389,25315,963,79.26046526,4.6
Food cooking machine operators and tenders,6230,1170,3118,860,3112,794,49.95184591,8.6,26528,1957,31345,1483,19516,3765,(X),(X)
"Food processing workers, all other",113094,5689,74917,4384,38177,3288,33.75687481,2.4,31967,542,34446,2672,29998,1924,87.08703478,8.8
Computer control programmers and operators,84907,4120,77415,4209,7492,1461,8.823771892,1.7,44235,2280,45373,1290,35785,2082,78.86849007,5.1
"Extruding and drawing machine setters, operators, and tenders, metal and plastic",12248,2130,10632,1877,1616,604,13.19399086,4.4,36047,3995,36243,4391,33269,11513,(X),(X)
"Forging machine setters, operators, and tenders, metal and plastic",6023,1121,5882,1082,141,133,2.341026067,2.2,45387,4192,45495,3846,40659,13797,(X),(X)
"Rolling machine setters, operators, and tenders, metal and plastic",8890,1597,6446,1390,2444,837,27.49156355,8,35268,4976,41292,13508,31361,5132,(X),(X)
"Cutting, punching, and press machine setters, operators, and tenders, metal and plastic",73711,4745,61267,4065,12444,1771,16.88214785,2.1,32249,557,33096,1845,29971,2491,90.55777133,9.1
"Drilling and boring machine tool setters, operators, and tenders, metal and plastic",4257,1112,3563,1013,694,593,16.30256049,13.3,40872,8658,46574,9333,25953,1122,(X),(X)
"Grinding, lapping, polishing, and buffing machine tool setters, operators, and tenders, metal and plastic",38492,3130,34722,2918,3770,951,9.79424296,2.3,32512,2289,33540,3116,26940,3189,(X),(X)
"Lathe and turning machine tool setters, operators, and tenders, metal and plastic",8021,1460,7150,1439,871,445,10.85899514,5.2,37408,3638,40042,4795,32740,7394,(X),(X)
"Milling and planing machine setters, operators, and tenders, metal and plastic",1798,853,1510,819,288,325,16.01779755,16.4,37477,27690,43523,25890,11674,61046,(X),(X)
Machinists,297165,8595,284315,8264,12850,1922,4.324196995,0.6,46666,620,47139,616,32065,2544,68.02223212,5.5
"Metal furnace operators, tenders, pourers, and casters",20923,2464,18354,2355,2569,924,12.27835396,4.2,43427,3021,45277,4012,31818,6979,(X),(X)
"Model makers and patternmakers, metal and plastic",4276,1012,3680,955,596,346,13.93826006,7.4,49469,6899,49528,6535,44894,33765,(X),(X)
"Molders and molding machine setters, operators, and tenders, metal and plastic",33959,3206,28251,2702,5708,1424,16.80850437,3.9,35532,2033,37402,2218,29056,2224,77.68568526,7.5
"Multiple machine tool setters, operators, and tenders, metal and plastic",2097,683,1884,669,213,178,10.15736767,7.8,47536,8849,50644,9061,46329,1137,(X),(X)
Tool and die makers,50267,3714,49521,3660,746,353,1.484075039,0.7,55390,1790,55465,1720,48137,15097,(X),(X)
"Welding, soldering, and brazing workers",475547,11769,449552,11970,25995,2549,5.466336661,0.5,40394,312,40770,313,31097,1236,76.27422124,3.1
"Heat treating equipment setters, operators, and tenders, metal and plastic",6474,1429,6135,1405,339,229,5.236329935,3.3,44329,5476,45883,7218,24395,7157,(X),(X)
"Layout workers, metal and plastic",5546,1356,4862,1287,684,465,12.33321313,7.8,51240,4143,52147,7048,46871,7730,(X),(X)
"Plating and coating machine setters, operators, and tenders, metal and plastic",12839,1676,11669,1545,1170,543,9.112859257,4.1,32560,3222,33452,3551,31061,4217,(X),(X)
"Tool grinders, filers, and sharpeners",5015,1010,4845,1000,170,154,3.389830508,3,44996,3434,45398,3811,30923,17329,(X),(X)
"Metal workers and plastic workers, all other",326498,10828,258055,9788,68443,4278,20.96276241,1.1,35076,697,36748,558,29096,1262,79.17709807,3.6
Prepress technicians and workers,17187,1965,9888,1582,7299,1073,42.46814453,3.9,36257,1863,41563,3889,30647,3221,73.7362558,10.4
"Printing workers, except prepress technicians and workers",157832,6671,125189,5845,32643,3200,20.68211769,1.8,37214,814,40598,565,28722,1659,70.74732745,4.2
Laundry and dry-cleaning workers,116109,6198,46921,4130,69188,4924,59.58883463,2.8,22823,815,26697,1327,21245,589,79.57822976,4.5
"Pressers, textile, garment, and related materials",24529,2939,10530,2113,13999,2040,57.07122182,4.7,21308,1326,26667,2054,19094,2737,71.60160498,11.7
Sewing machine operators,129635,6981,38708,3745,90927,5489,70.14077988,1.9,23027,832,25189,1426,22358,546,88.76096709,5.5
Shoe and leather workers and repairers,8294,2033,6063,1783,2231,734,26.89896311,5.9,26559,6450,27021,6684,25825,15012,(X),(X)
Shoe machine operators and tenders,2149,703,766,426,1383,541,64.35551419,13.8,23349,3419,25646,3288,20446,6377,(X),(X)
"Tailors, dressmakers, and sewers",38822,3083,11704,2007,27118,2572,69.85214569,3.6,26152,1226,36186,5464,23975,1596,66.25490521,10.9
Textile bleaching and dyeing machine operators and tenders,1234,583,849,468,385,343,31.1993517,23.6,26938,8081,30574,5632,23655,8702,(X),(X)
"Textile cutting machine setters, operators, and tenders",6067,1217,3153,941,2914,927,48.030328,11.9,22483,2780,24093,5216,21768,2590,(X),(X)
"Textile knitting and weaving machine setters, operators, and tenders",7421,1422,3616,1247,3805,844,51.27341329,5.7,28490,3521,30297,6455,27888,2201,(X),(X)
"Textile winding, twisting, and drawing out machine setters, operators, and tenders",9640,1882,3818,1229,5822,1471,60.39419087,9.7,26440,1372,27864,4921,25962,1288,(X),(X)
Fabric and apparel patternmakers,2114,666,368,291,1746,582,82.59224219,9,61630,1594,66227,20858,61097,1080,(X),(X)
Upholsterers,23251,2831,19562,2682,3689,1023,15.86598426,4,33082,4994,35421,4591,29958,5126,(X),(X)
"Miscellaneous textile, apparel, and furnishings workers, including extruding and forming machine setters, operators, and tenders, synthetic and glass fibers",12112,1939,7106,1493,5006,1256,41.33091149,8,31173,1478,33827,4058,28770,4081,(X),(X)
Cabinetmakers and bench carpenters,44283,3928,41443,3716,2840,818,6.413296299,1.8,35113,2189,36097,1229,27509,3665,(X),(X)
Furniture finishers,7973,1529,6435,1424,1538,610,19.2901041,6.7,31457,2427,34727,5828,21619,1748,(X),(X)
"Sawing machine setters, operators, and tenders, wood",25859,2305,22926,2150,2933,1039,11.34227928,3.9,27707,2851,28859,3008,23684,6506,(X),(X)
"Woodworking machine setters, operators, and tenders, except sawing",15419,2046,12322,1766,3097,963,20.08560866,5.6,27718,2065,30243,1874,24063,1792,(X),(X)
"Miscellaneous woodworkers, including model makers and patternmakers",22665,2648,20666,2464,1999,855,8.819766159,3.6,32046,638,32052,620,31993,7747,(X),(X)
"Power plant operators, distributors, and dispatchers",42662,3036,39345,2910,3317,914,7.775069148,2.1,89417,4065,90326,2637,72348,25137,(X),(X)
Stationary engineers and boiler operators,80093,4833,78076,4670,2017,792,2.51832245,1,60018,3162,60049,2809,52121,30531,(X),(X)
Water and wastewater treatment plant and system operators,78358,4508,75104,4613,3254,828,4.152734883,1,48818,2507,49659,2264,40614,9925,(X),(X)
Miscellaneous plant and system operators,37531,3243,35295,2988,2236,773,5.9577416,2,63780,3899,64776,4003,54020,10202,(X),(X)
"Chemical processing machine setters, operators, and tenders",48578,4064,43856,3724,4722,1241,9.720449586,2.4,51853,2106,51737,1893,54830,11632,(X),(X)
"Crushing, grinding, polishing, mixing, and blending workers",66068,4467,57898,3958,8170,1565,12.3660471,2.2,37087,999,38136,1989,29582,4393,77.56975037,12.2
Cutting workers,51485,4008,41676,3631,9809,1538,19.05215111,2.6,30780,853,31798,955,26199,1001,82.39197434,4
"Extruding, forming, pressing, and compacting machine setters, operators, and tenders",23961,2490,20153,2396,3808,1016,15.89249197,3.9,36321,2383,38619,3568,24726,2195,(X),(X)
"Furnace, kiln, oven, drier, and kettle operators and tenders",10409,1971,8744,1970,1665,649,15.99577289,5.4,42352,5337,45284,5881,36547,9029,(X),(X)
"Inspectors, testers, sorters, samplers, and weighers",666282,15505,414113,11109,252169,9309,37.84718783,1.1,41029,316,47048,661,32183,437,68.40460806,1.3
Jewelers and precious stone and metal workers,25368,3060,17016,2193,8352,1728,32.92336802,5.5,32523,3614,40173,3245,25842,2140,64.32678665,7.4
"Medical, dental, and ophthalmic laboratory technicians",58471,3788,30351,2615,28120,2534,48.09221665,3,36146,1063,41304,1186,32104,687,77.72612822,2.8
Packaging and filling machine operators and tenders,204703,7819,94628,5510,110075,5236,53.77302726,1.5,27178,456,31391,595,24791,803,78.97486541,3
Painting workers,126596,5775,111321,5682,15275,2207,12.06594205,1.7,36898,1117,39257,2251,26885,1570,68.48460147,5.6
Photographic process workers and processing machine operators,17651,2176,9662,1685,7989,1478,45.26089173,6.2,31397,1618,37525,9488,26314,5089,70.12391739,22.3
Semiconductor processors,1741,664,1203,638,538,310,30.90178059,13.3,36791,10241,36050,17694,41018,12766,(X),(X)
Adhesive bonding machine operators and tenders,6765,1221,3859,993,2906,788,42.9563932,8.7,26961,7247,36218,14775,19670,4554,(X),(X)
"Cleaning, washing, and metal pickling equipment operators and tenders",3785,960,2887,861,898,498,23.72523118,11.7,31971,2425,33674,3854,25705,8919,(X),(X)
Cooling and freezing equipment operators and tenders,2374,721,2071,674,303,202,12.76326874,7.6,47469,6573,48516,4171,33696,33998,(X),(X)
Etchers and engravers,8059,1571,6017,1342,2042,736,25.33813128,7.7,32736,4821,35017,5331,31354,914,(X),(X)
"Molders, shapers, and casters, except metal and plastic",22330,2235,19527,2097,2803,811,12.55261979,3.4,32017,2637,33234,3883,25597,6574,(X),(X)
"Paper goods machine setters, operators, and tenders",24020,2924,17945,2895,6075,1491,25.29142381,5.4,38661,4083,42381,6056,26883,2522,(X),(X)
Tire builders,12530,1788,11501,1726,1029,441,8.212290503,3.3,41969,1928,41952,1923,45525,19462,(X),(X)
Helpers--production workers,23695,2868,19206,2742,4489,1058,18.94492509,3.8,28256,2941,30140,3076,25318,4652,(X),(X)
"Production workers, all other",953539,16363,704041,13156,249498,8381,26.16547409,0.8,35030,565,37414,556,27236,369,72.79627947,1.5
Transportation and Material Moving Occupations,6605581,46960,5722980,41102,882601,18409,13.4,0.2,36644,146,38520,388,27349,264,71,1
Transportation Occupations,4017489,37301,3621746,34183,395743,12387,9.850506125,0.3,41788,165,42389,187,31991,372,75.5,1
Supervisors of transportation and material moving workers,196226,6278,156914,5979,39312,3174,20.03404238,1.5,51318,678,53614,2090,40710,1332,75.93165964,3.9
Aircraft pilots and flight engineers,102512,5863,96231,5775,6281,1426,6.12708756,1.3,102155,2570,102479,4883,90665,19188,(X),(X)
Air traffic controllers and airfield operations specialists,29978,3223,24679,2844,5299,1229,17.67629595,3.6,90935,6012,92499,5783,72322,10481,(X),(X)
Flight attendants,53686,5598,15733,2749,37953,4289,70.69440823,3.1,48586,3456,59579,4868,42869,6315,71.95320499,12.1
"Ambulance drivers and attendants, except emergency medical technicians",10405,1860,8616,1763,1789,587,17.1936569,4.7,28239,2974,28017,3628,30258,5699,(X),(X)
Bus drivers,280228,10080,178493,7724,101735,5865,36.30436644,1.6,35222,562,38539,1936,29570,1148,76.72747087,4.9
Driver/sales workers and truck drivers,2695081,29308,2570385,27501,124696,7410,4.626799714,0.3,42200,180,42435,280,32237,1165,75.96795098,2.8
Taxi drivers and chauffeurs,302027,10048,265426,10228,36601,3122,12.11845299,1,27925,1222,29130,1533,25365,1196,87.07518023,6.2
"Motor vehicle operators, all other",17956,2494,15257,2168,2699,963,15.03118735,4.9,30386,3362,30781,2609,24567,14516,(X),(X)
Locomotive engineers and operators,43277,3570,41071,3229,2206,881,5.097395845,2,85678,2293,85978,2193,80335,9350,(X),(X)
"Railroad brake, signal, and switch operators",3553,1039,3317,965,236,293,6.642274135,8,60383,10310,60913,7626,-,**,(X),(X)
Railroad conductors and yardmasters,43761,4159,41145,4100,2616,748,5.97792555,1.6,71955,2397,72667,4004,58522,5729,(X),(X)
"Subway, streetcar, and other rail transportation workers",14379,1891,12538,1750,1841,753,12.80339384,5,66028,3713,66705,2729,50528,32930,(X),(X)
Sailors and marine oilers,15230,2136,13658,2045,1572,782,10.32173342,4.9,47279,5149,47363,6518,37364,23960,(X),(X)
Ship and boat captains and operators,24058,2991,22985,2956,1073,523,4.460054867,2.1,73064,4848,74068,8166,60630,9725,(X),(X)
Ship engineers,3026,942,2713,887,313,460,10.34368804,14.9,76236,2699,75670,5282,-,**,(X),(X)
Bridge and lock tenders,3937,1011,3590,1001,347,310,8.813817628,7.5,52388,6489,53088,6058,46458,20185,(X),(X)
Parking lot attendants,46169,4525,40140,4324,6029,1556,13.05854578,3.1,23264,1153,23580,1721,22742,1290,(X),(X)
Automotive and watercraft service attendants,59150,4000,52107,3879,7043,1416,11.90701606,2.3,23322,1574,23813,1918,21091,3948,(X),(X)
Transportation inspectors,39784,3563,34774,3341,5010,1248,12.59300221,2.9,60174,5028,61564,1756,40751,4989,(X),(X)
"Transportation attendants, except flight attendants",15697,2162,7554,1240,8143,1828,51.87615468,9.2,29067,1596,36822,14397,26206,2989,(X),(X)
Other transportation workers,17369,2174,14420,1869,2949,1100,16.97852496,6,36282,3220,38674,4703,27308,6573,(X),(X)
Material Moving Occupations,2588092,28499,2101234,24859,486858,11974,18.8114642,0.4,30616,141,31564,151,25006,359,79.2,1.2
Conveyor operators and tenders,4427,1153,3447,901,980,560,22.13688728,11.3,36974,4216,38235,3766,30806,9212,(X),(X)
Crane and tower operators,53751,3503,52233,3482,1518,729,2.824133504,1.3,58290,4416,58643,4441,40682,34129,(X),(X)
"Dredge, excavating, and loading machine operators",27092,2580,26712,2487,380,405,1.402628082,1.5,42058,2928,42289,3864,31116,7272,(X),(X)
Hoist and winch operators,5934,1479,5731,1446,203,255,3.420963937,4.2,50089,4473,50364,3195,-,**,(X),(X)
Industrial truck and tractor operators,501490,11792,465444,10890,36046,3527,7.187780414,0.7,32303,306,32305,300,32272,1128,99.89784863,3.6
Cleaners of vehicles and equipment,225496,8477,192986,7818,32510,3507,14.41710718,1.5,25839,442,26267,449,22073,1042,84.03319755,4.2
"Laborers and freight, stock, and material movers, hand",1340831,19898,1107839,18038,232992,7793,17.37668655,0.5,30729,184,31424,215,26312,393,83.73217923,1.4
Machine feeders and offbearers,15745,1863,9103,1378,6642,1071,42.18482058,4.6,29485,4118,32497,4346,22554,3113,(X),(X)
"Packers and packagers, hand",292614,10287,128616,7422,163998,8054,56.0458488,1.9,23676,509,26211,603,22013,333,83.98382359,2.3
Pumping station operators,19540,2121,18917,2114,623,462,3.188331627,2.3,62096,2348,62053,1644,67083,101404,(X),(X)
Refuse and recyclable material collectors,65170,5267,58851,4983,6319,1341,9.696179224,1.9,32367,2234,34488,3377,24268,3380,(X),(X)
Mine shuttle car operators,732,546,722,546,10,19,1.366120219,2.4,43866,18187,43808,18677,-,**,(X),(X)
"Tank car, truck, and ship loaders",4198,1044,4155,1059,43,62,1.024297284,1.5,44079,6944,44487,7273,-,**,(X),(X)
"Material moving workers, all other",31072,2457,26478,2454,4594,1025,14.78501545,3.1,35716,1877,36013,1736,31922,11641,(X),(X)
